prob_baja_2,enviados,TPR,sensibilidad,especificidad,FPR,precision,accuracy,f1,ganancia
1.0,0,0.0,0.0,1.0,0.0,,0.993024423703486,0.0,0.0
0.26732673267326734,404,0.09482001755926252,0.09482001755926252,0.9981744734651083,0.0018255265348916527,0.26732673267326734,0.9918730555351413,0.13998703823720027,107690000.0
0.2564102564102564,638,0.14749780509218613,0.14749780509218613,0.9971013598939221,0.0028986401060778766,0.26332288401253917,0.991174885475613,0.18908272369161508,167255000.0
0.13411078717201166,1324,0.228270412642669,0.228270412642669,0.9934379721853897,0.0065620278146103495,0.19637462235649547,0.9881004874941819,0.21112464474218431,249590000.0
0.10423452768729642,2245,0.3125548726953468,0.3125548726953468,0.9883499337013167,0.01165006629868326,0.15857461024498887,0.9836358736924622,0.21040189125295508,329862500.0
0.07230769230769231,2895,0.353819139596137,0.353819139596137,0.9846310401184125,0.015368959881587485,0.1392055267702936,0.9802307635775703,0.19980168567178977,363687500.0
0.0691114245416079,3604,0.3968393327480246,0.3968393327480246,0.9805606093311542,0.019439390668845813,0.12541620421753608,0.97648881703045,0.19059666877503692,398090000.0
0.0669710806697108,4261,0.4354697102721686,0.4354697102721686,0.9767800425545037,0.02321995744549632,0.11640459985918798,0.9730040910315769,0.1837037037037037,428422500.0
0.05845511482254697,4740,0.46005267778753295,0.46005267778753295,0.9739985815165438,0.026001418483456162,0.11054852320675106,0.9704135126528013,0.1782616091171968,446050000.0
0.05726256983240224,5456,0.49604916593503073,0.49604916593503073,0.969835640938666,0.030164359061333967,0.10355571847507332,0.9665307072340217,0.17134192570128887,471460000.0
0.05603448275862069,5688,0.5074626865671642,0.5074626865671642,0.9684849979956212,0.031515002004378845,0.10161744022503516,0.9652691016878567,0.16932766954738537,479380000.0
0.05339805825242718,5894,0.5171202809482002,0.5171202809482002,0.9672823707175676,0.03271762928243238,0.0999321343739396,0.9641422307145832,0.16749608986207878,485815000.0
0.05065123010130246,6585,0.5478489903424056,0.5478489903424056,0.9632366092078078,0.03676339079219215,0.09476082004555808,0.960339041179785,0.1615743138270326,505312500.0
0.044642857142857144,6809,0.5566286215978928,0.5566286215978928,0.9619168028616362,0.03808319713836383,0.09311205757086209,0.9590896842311555,0.159536990437846,510152500.0
0.038834951456310676,7324,0.5741878841088675,0.5741878841088675,0.9588639797711924,0.04113602022880758,0.08929546695794648,0.9561806423164547,0.15455512229705778,517990000.0
0.0364963503649635,7598,0.5829675153643546,0.5829675153643546,0.9572358074562891,0.04276419254371089,0.08739141879441958,0.9546250704294358,0.15199725306169165,521455000.0
0.03636363636363636,8368,0.607550482879719,0.607550482879719,0.9526596564803108,0.04734034351968919,0.08269598470363289,0.950252321109233,0.1455769433049332,531080000.0
0.033426183844011144,8727,0.6180860403863038,0.6180860403863038,0.9505195966573129,0.04948040334268711,0.0806691875787785,0.9482006810220229,0.14271234542874517,534407500.0
0.032175032175032175,9504,0.6400351185250219,0.6400351185250219,0.9458817724875883,0.05411822751241169,0.07670454545454546,0.9437483158178389,0.13699144977919758,540540000.0
0.030042918454935622,9737,0.646180860403863,0.646180860403863,0.9444879583089211,0.05551204169107893,0.07558796343843073,0.9424070943876927,0.1353438764251563,541832500.0
0.02872340425531915,10677,0.6698858647936786,0.6698858647936786,0.9388571957198804,0.061142804280119645,0.07146202116699447,0.9369809656794297,0.12914691943127962,545682500.0
0.027426160337552744,11151,0.6812993854258121,0.6812993854258121,0.9360140614881741,0.06398593851182588,0.06959017128508654,0.9342372798314593,0.12628152969894224,546947500.0
0.026022304832713755,11420,0.6874451273046532,0.6874451273046532,0.9343982238120201,0.06560177618797991,0.06856392294220666,0.9326755836456726,0.1246914563261406,547250000.0
0.02575107296137339,11653,0.6927129060579456,0.6927129060579456,0.9329982423139782,0.06700175768602179,0.0677078863811894,0.9313221136179908,0.12335834896810506,547442500.0
0.025714285714285714,12003,0.7006145741878841,0.7006145741878841,0.9308951864072281,0.06910481359277187,0.0664833791552112,0.9292888464270841,0.12144270278496425,547717500.0
0.025331724969843185,12832,0.7190517998244074,0.7190517998244074,0.925911992352524,0.07408800764747603,0.06382481296758105,0.9244690232968326,0.11724286021043592,548020000.0
0.025,13032,0.723441615452151,0.723441615452151,0.9247093650744704,0.07529063492552956,0.06322897483118478,0.9233054065309522,0.11629383953143746,548020000.0
0.02252252252252252,13254,0.7278314310798947,0.7278314310798947,0.9233710567701748,0.07662894322982516,0.06254715557567526,0.9220070551921805,0.11519488640311262,547415000.0
0.02247191011235955,13521,0.733099209833187,0.733099209833187,0.9217613864133954,0.07823861358660456,0.061755787293839216,0.9204453590063938,0.11391541609822647,546672500.0
0.022364217252396165,13834,0.7392449517120281,0.7392449517120281,0.9198741866847575,0.08012581331524249,0.060864536648836204,0.9186141936748242,0.11246911106658654,545765000.0
0.021897810218978103,14108,0.7445127304653204,0.7445127304653204,0.9182213450923556,0.08177865490764435,0.06010774028919762,0.917009627397663,0.11123499704859972,544830000.0
0.02132701421800948,14530,0.752414398595259,0.752414398595259,0.9156742421906319,0.08432575780936813,0.05898141775636614,0.9145354106954754,0.10938796349479865,543125000.0
0.018575851393188854,14853,0.7576821773485514,0.7576821773485514,0.9137192019488729,0.0862807980511271,0.05810274018716757,0.9126307537786923,0.10792896448224112,540842500.0
0.017241379310344827,15317,0.7647058823529411,0.7647058823529411,0.9109069043140399,0.08909309568596013,0.05686492132924202,0.9098870679307219,0.1058580456976179,536882500.0
0.015717092337917484,16844,0.7857769973661106,0.7857769973661106,0.9016374232939652,0.09836257670603477,0.05313464735217288,0.900829230053159,0.09953845298337319,521290000.0
0.015060240963855422,17176,0.7901668129938543,0.7901668129938543,0.89962070985846,0.10037929014154001,0.05239869585468095,0.8988572058499302,0.09828009828009827,517660000.0
0.015021459227467811,17642,0.7963125548726954,0.7963125548726954,0.8967899102655031,0.10321008973449686,0.05141140460265276,0.8960890228068886,0.09658697619935042,512545000.0
0.015,17842,0.7989464442493416,0.7989464442493416,0.8955749483487002,0.10442505165129978,0.05100325075664163,0.8949009088459371,0.09588535904325378,510345000.0
0.015,18042,0.8015803336259877,0.8015803336259877,0.8943599864318974,0.1056400135681026,0.050604145881831285,0.8937127948849857,0.0951983733903342,508145000.0
0.014423076923076924,18250,0.8042142230026339,0.8042142230026339,0.8930956859600975,0.10690431403990253,0.05019178082191781,0.8924756865338919,0.09448656454690806,505725000.0
0.014344262295081968,18738,0.810359964881475,0.810359964881475,0.8901292053408986,0.10987079465910143,0.04925819190948874,0.8895727689179589,0.09287115761935905,500005000.0
0.013029315960912053,19045,0.8138718173836699,0.8138718173836699,0.8882605075703845,0.11173949242961545,0.048674192701496456,0.8877416035863893,0.09185493460166469,495962500.0
0.012924071082390954,19664,0.8208955223880597,0.8208955223880597,0.8844922754324833,0.11550772456751668,0.04754882017900732,0.8840486514294114,0.08989088112291496,487740000.0
0.012658227848101266,20533,0.8305531167690957,0.8305531167690957,0.8792007154090474,0.12079928459095257,0.04607217649637169,0.8788613703730923,0.08730158730158728,475942500.0
0.012594458438287154,20930,0.8349429323968394,0.8349429323968394,0.876783126214191,0.12321687378580903,0.045437171524128045,0.8764912667499571,0.08618424033712446,470525000.0
0.012422360248447204,21413,0.8402107111501317,0.8402107111501317,0.8738413148724907,0.12615868512750927,0.04469247653294728,0.8736067220303275,0.08487052146151118,463842500.0
0.012396694214876033,21655,0.8428446005267779,0.8428446005267779,0.8723673255419532,0.12763267445804682,0.04433156314938813,0.8721613875211288,0.08423269281389839,460487500.0
0.012345679012345678,21898,0.845478489903424,0.845478489903424,0.8708871688920411,0.1291128311079589,0.04397661886930313,0.8707099287131623,0.08360463602031513,457105000.0
0.012244897959183673,22143,0.8481123792800702,0.8481123792800702,0.8693946776033797,0.13060532239662026,0.04362552499661292,0.8692462213076603,0.08298256163559832,453667500.0
0.011204481792717087,22857,0.8551360842844601,0.8551360842844601,0.8650405501248882,0.13495944987511177,0.04261276632978956,0.8649714607677421,0.0811801966994499,442832500.0
0.011111111111111112,23847,0.8647936786654961,0.8647936786654961,0.8590027444571217,0.14099725554287834,0.04130498595211138,0.8590431395605204,0.07884415272552629,427707500.0
0.010752688172043012,24126,0.8674275680421423,0.8674275680421423,0.8573005643097228,0.1426994356902772,0.04095167039708199,0.8573712059969133,0.07821096378389075,423335000.0
0.01056338028169014,24410,0.8700614574187884,0.8700614574187884,0.8555675475654507,0.14443245243454927,0.040598115526423596,0.8556686509394674,0.07757642177776039,418825000.0
0.010380622837370242,24699,0.8726953467954346,0.8726953467954346,0.8538036942243054,0.14619630577569465,0.04024454431353496,0.8539354743881825,0.07694093970121527,414177500.0
0.010309278350515464,25087,0.8762071992976295,0.8762071992976295,0.851435443584446,0.148564556415554,0.039781560170606294,0.851608240856422,0.07610767940212004,407907500.0
0.01,25287,0.8779631255487269,0.8779631255487269,0.8502143143482686,0.14978568565173145,0.03954601178471151,0.8504078782979348,0.07568303943086355,404607500.0
0.01,25487,0.8797190517998245,0.8797190517998245,0.848993185112091,0.151006814887909,0.03931416016008161,0.8492075157394479,0.07526477878765117,401307500.0
0.009950248756218905,25688,0.8814749780509219,0.8814749780509219,0.8477658885565389,0.1522341114434611,0.039084397383992525,0.848001028882193,0.07484996458791515,397980000.0
0.009146341463414634,26016,0.884108867427568,0.884108867427568,0.8457615097597829,0.15423849024021707,0.0387069495694957,0.8460290046789642,0.07416682010679433,392260000.0
0.009079118028534372,26787,0.8902546093064091,0.8902546093064091,0.8410496777575627,0.15895032224243733,0.037854182999216036,0.8413929105117464,0.07262049702785933,378757500.0
0.008575197889182058,28303,0.9016681299385426,0.9016681299385426,0.831780196737488,0.16821980326251196,0.03628590608769389,0.8322677053477376,0.06976428231777733,351367500.0
0.008210180623973728,28912,0.9060579455662863,0.9060579455662863,0.8280551358352092,0.17194486416479082,0.035694521306032095,0.8285992503858308,0.06868323849455923,340120000.0
0.007739938080495356,29558,0.9104477611940298,0.9104477611940298,0.824101884116069,0.175898115883931,0.03508356451722038,0.8247041963695156,0.06756360556406164,327855000.0
0.007662835249042145,30080,0.9139596136962248,0.9139596136962248,0.8209072126800087,0.17909278731999134,0.03460771276595745,0.8215563068028711,0.0666901566353823,317900000.0
0.007326007326007326,30353,0.9157155399473222,0.9157155399473222,0.8192358691294829,0.18076413087051713,0.03436233650709979,0.8199088704343352,0.06623904483678394,312592500.0
0.007317073170731708,30763,0.9183494293239683,0.9183494293239683,0.8167257701440069,0.18327422985599306,0.03400188538178981,0.8174346537321476,0.065575825967024,304617500.0
0.007263922518159807,31176,0.9209833187006146,0.9209833187006146,0.8141971692004071,0.18580283079959292,0.033647677700795485,0.8149420641336567,0.06492341018103048,296560000.0
0.006738544474393531,31918,0.9253731343283582,0.9253731343283582,0.809651854821302,0.19034814517869802,0.033022119180399774,0.8104590774356336,0.06376864204253259,281655000.0
0.006711409395973154,32216,0.9271290605794557,0.9271290605794557,0.8078263282864103,0.19217367171358968,0.032778743481499874,0.8086585335979031,0.06331884275221106,275660000.0
0.006345177664974619,33004,0.9315188762071993,0.9315188762071993,0.802997317216072,0.19700268278392796,0.03214761847048843,0.8038938291565616,0.06215036757168381,259490000.0
0.006185567010309278,33489,0.9341527655838455,0.9341527655838455,0.8000246692774985,0.1999753307225015,0.03177162650422527,0.8009602900467896,0.06145315929305764,249452500.0
0.006097560975609756,33981,0.9367866549604916,0.9367866549604916,0.7970088501033026,0.20299114989669742,0.0313998999440864,0.7979838808456432,0.0607630979498861,239222500.0
0.005793742757821553,34844,0.9411764705882353,0.9411764705882353,0.7917172900798668,0.2082827099201332,0.03076569854207324,0.7927598539967173,0.05958369229914127,220990000.0
0.0057692307692307696,35364,0.9438103599648815,0.9438103599648815,0.7885287859631811,0.2114712140368189,0.030398145006221015,0.7896119644300728,0.05889926855326959,209990000.0
0.0057306590257879654,35713,0.9455662862159789,0.9455662862159789,0.7863887261401832,0.21361127385981682,0.030157085655083585,0.7874990813551849,0.05845001628134158,202592500.0
0.005,35913,0.9464442493415277,0.9464442493415277,0.7851614295846311,0.2148385704153689,0.030016985492718515,0.7862864701991622,0.05818849184929289,198192500.0
0.0049261083743842365,36116,0.9473222124670764,0.9473222124670764,0.783915631070955,0.21608436892904503,0.029875955255288515,0.7850554861468362,0.057925110723392834,193710000.0
0.0048543689320388345,36322,0.9482001755926251,0.9482001755926251,0.782651330599155,0.21734866940084496,0.02973404548207698,0.7838061291982068,0.05765996636501962,189145000.0
0.004784688995215311,36531,0.9490781387181738,0.9490781387181738,0.7813685281692312,0.2186314718307688,0.029591306014070243,0.7825383993532741,0.05739315104857977,184497500.0
0.004528985507246377,37635,0.9534679543459175,0.9534679543459175,0.7745906441765087,0.2254093558234913,0.02885611797528896,0.7758384165013106,0.056016918553669984,159637500.0
0.0045045045045045045,37857,0.9543459174714662,0.9543459174714662,0.7732276665947146,0.22677233340528535,0.02871331589930528,0.7744910707723965,0.05574930762129449,154632500.0
0.004301075268817204,38322,0.9561018437225637,0.9561018437225637,0.7703721977242591,0.22962780227574087,0.02841709722874589,0.7716677690404449,0.0551937355870353,144045000.0
0.00411522633744856,38565,0.9569798068481123,0.9569798068481123,0.7688797064355978,0.23112029356440222,0.028263969920912745,0.7701918130374072,0.05490630666935322,138462500.0
0.0038461538461538464,39085,0.9587357330992098,0.9587357330992098,0.7656850349995374,0.23431496500046256,0.02793910707432519,0.767031674873227,0.05429594272076372,126362500.0
0.003745318352059925,39352,0.9596136962247586,0.9596136962247586,0.7640445280458849,0.23595547195411515,0.027774954258995732,0.7654087356997624,0.053987305821046654,120120000.0
0.0036900369003690036,39623,0.9604916593503073,0.9604916593503073,0.7623793518147337,0.2376206481852663,0.027610226383666052,0.7637612993312266,0.05367744467886757,113767500.0
0.003436426116838488,39914,0.961369622475856,0.961369622475856,0.7605908291960899,0.2394091708039101,0.02743398306358671,0.761991376987335,0.05334567510291574,106865000.0
0.003355704697986577,40510,0.9631255487269534,0.9631255487269534,0.7569274414875574,0.24307255851244258,0.027079733399160703,0.7583657921168027,0.052678335614300464,92675000.0
0.003115264797507788,40831,0.9640035118525022,0.9640035118525022,0.7549538992876746,0.24504610071232535,0.026891332565942543,0.7564121408098773,0.05232308791994282,84947500.0
0.003033367037411527,41820,0.9666374012291484,0.9666374012291484,0.7488729223842857,0.2511270776157143,0.026327116212338592,0.7503919551211387,0.0512581764007542,61050000.0
0.0029940119760479044,42154,0.9675153643546971,0.9675153643546971,0.7468192050325326,0.25318079496746737,0.02614224035678702,0.748358687930232,0.05090892292056453,52965000.0
0.0029455081001472753,42833,0.9692712906057945,0.9692712906057945,0.7426439298159055,0.25735607018409445,0.025774519646067286,0.744224786261973,0.050213772400618584,36492500.0
0.0029069767441860465,43177,0.9701492537313433,0.9701492537313433,0.7405285392704061,0.25947146072959393,0.025592329249368877,0.7421302760833884,0.04986912176189187,28132500.0
0.0027247956403269754,43544,0.971027216856892,0.971027216856892,0.7382713003792901,0.2617286996207099,0.025399595811133567,0.7398949070331448,0.04950428574625697,19140000.0
0.001893939393939394,44072,0.9719051799824407,0.9719051799824407,0.7350211230688581,0.26497887693114186,0.025117988745688873,0.7366735258812865,0.048970383313795315,5720000.0
0.0018050541516245488,44626,0.9727831431079894,0.9727831431079894,0.7316105954546857,0.26838940454531435,0.02482857527002196,0.7332929129614659,0.04842128263957173,-8415000.0
0.0012406947890818859,45432,0.9736611062335382,0.9736611062335382,0.7266459033581054,0.2733540966418946,0.024410107413276986,0.7283689767521618,0.04762620514912714,-29480000.0
0.0011111111111111111,46332,0.974539069359087,0.974539069359087,0.7211014832403096,0.27889851675969035,0.023957523957523957,0.7228693564586854,0.04676539360872954,-53130000.0
0.0010050251256281408,47327,0.9754170324846356,0.9754170324846356,0.7149711677819236,0.2850288322180764,0.023474972003296214,0.716787927782269,0.04584657285519746,-79392500.0
0.00045368963092348524,91410,0.9929762949956101,0.9929762949956101,0.44322057417743377,0.5567794258225662,0.012372825730226453,0.44705543715244606,0.024441106873115865,-1269675000.0
0.0004177109440267335,93804,0.9938542581211589,0.9938542581211589,0.42846217891393507,0.5715378210860649,0.012067715662445098,0.43240611449988975,0.023845886479255975,-1334410000.0
0.000407221392697163,101171,0.9964881474978051,0.9964881474978051,0.38304603903913165,0.6169539609608683,0.011218629844520663,0.3873251512701796,0.02218746945557619,-1533702500.0
0.00025348542458808617,105116,0.9973661106233538,0.9973661106233538,0.35872213142557585,0.6412778685744241,0.010807108337455764,0.3631770412287793,0.021382523175379985,-1641090000.0
8.10142990237777e-05,129803,0.9991220368744512,0.9991220368744512,0.20648185266274013,0.7935181473372599,0.00876713173039144,0.2120109747433919,0.017381741534419824,-2317782500.0
7.48839299086416e-05,143157,1.0,1.0,0.1241296370532548,0.8758703629467453,0.007956299726873292,0.13023933759584527,0.015786993402450517,-2683917500.0
0.0,143452,1.0,1.0,0.12231027783773783,0.8776897221622622,0.007939938097760923,0.1284326694593469,0.015754784184354487,-2692030000.0
0.0,144711,1.0,1.0,0.11454562274507385,0.8854543772549262,0.007870859851704432,0.12072217731069793,0.015618786424408641,-2726652500.0
0.0,145442,1.0,1.0,0.11003731228221654,0.8899626877177834,0.007831300449663783,0.11624531491144265,0.015540895477585772,-2746755000.0
0.0,146920,1.0,1.0,0.10092201424650775,0.8990779857534923,0.007752518377348217,0.10719360133264741,0.01538575838010523,-2787400000.0
0.0,147370,1.0,1.0,0.09814672052792253,0.9018532794720775,0.007728845762366832,0.10443766688714143,0.015339137695358532,-2799775000.0
0.0,148175,1.0,1.0,0.09318202843134232,0.9068179715686577,0.007686856757212755,0.0995076063790696,0.015256439449750189,-2821912500.0
0.0,150096,1.0,1.0,0.08133460791267076,0.9186653920873292,0.00758847670824006,0.08774282844614292,0.015062650841405758,-2874740000.0
0.0,152346,1.0,1.0,0.06745813931974468,0.9325418606802554,0.007476402399800454,0.07396315621861296,0.014841841222269277,-2936615000.0
0.0,153787,1.0,1.0,0.05857103210089735,0.9414289678991027,0.007406347740706302,0.06513804169422602,0.014703794069426694,-2976242500.0
0.0,154796,1.0,1.0,0.05234820685189182,0.9476517931481082,0.007358071267991421,0.058958624237524807,0.014608651040497642,-3003990000.0
0.0,155265,1.0,1.0,0.049455734065188564,0.9505442659348114,0.007335845167938685,0.05608632811543078,0.014564844888877522,-3016887500.0
0.0,155792,1.0,1.0,0.046205556754756544,0.9537944432452434,0.007311030091403923,0.05285882266480488,0.01451593375432515,-3031380000.0
0.0,159983,1.0,1.0,0.020358321255666223,0.9796416787443338,0.0071195064475600535,0.02719188652899243,0.014138354787055774,-3146632500.0
0.0,160564,1.0,1.0,0.016775108699003977,0.983224891300996,0.00709374455045963,0.02363366894490581,0.014087555580292265,-3162610000.0
0.0,160988,1.0,1.0,0.01416016528415924,0.9858398347158408,0.007075061495266728,0.021036966267362386,0.01405071332967365,-3174270000.0
0.0,161257,1.0,1.0,0.012501156372382744,0.9874988436276173,0.007063259269365051,0.019389529898826585,0.014027439099485207,-3181667500.0
0.0,162051,1.0,1.0,0.007604304788923494,0.9923956952110765,0.007028651473918705,0.01452683667720046,0.013959188675776705,-3203502500.0
0.0,162251,1.0,1.0,0.006370840913996732,0.9936291590860032,0.007019987550153774,0.013301976923642243,0.013942101719811494,-3209002500.0
0.0,163284,1.0,1.0,0.0,1.0,0.006975576296514049,0.006975576296514049,0.013854509405618436,-3237410000.0
